schemaname,tablename,policyname,permissive,roles,cmd,qual,with_check
public,access_methods,admin_ops_full_access,PERMISSIVE,{public},ALL,,
public,action_definitions,action_definitions_all_service_role,PERMISSIVE,{service_role},ALL,,
public,action_definitions,action_definitions_select_authenticated,PERMISSIVE,{authenticated},SELECT,,
public,action_links,action_links_delete_same_org,PERMISSIVE,{authenticated},DELETE,,
public,action_links,action_links_insert_same_org,PERMISSIVE,{authenticated},INSERT,,
public,action_links,action_links_select_same_org,PERMISSIVE,{authenticated},SELECT,,
public,action_links,action_links_update_same_org,PERMISSIVE,{authenticated},UPDATE,,
public,action_links,service role full access action_links,PERMISSIVE,{service_role},ALL,,
public,action_placements,action_placements_all_service_role,PERMISSIVE,{service_role},ALL,,
public,action_placements,action_placements_select_authenticated,PERMISSIVE,{authenticated},SELECT,,
public,activity_log,admin_ops_full_access,PERMISSIVE,{public},ALL,,
public,addon_frequencies,admin_ops_full_access,PERMISSIVE,{public},ALL,,
public,addon_types,admin_ops_full_access,PERMISSIVE,{public},ALL,,
public,agent_v0_apply_audit,agent_v0_apply_audit_insert_by_org_admin,PERMISSIVE,{authenticated},INSERT,,
public,agent_v0_apply_audit,agent_v0_apply_audit_select_by_org_admin,PERMISSIVE,{authenticated},SELECT,,
public,agent_v0_proposals,agent_v0_proposals_insert_by_org_admin,PERMISSIVE,{authenticated},INSERT,,
public,agent_v0_proposals,agent_v0_proposals_select_by_org_admin,PERMISSIVE,{authenticated},SELECT,,
public,agent_v1_record_layout_apply_audit,agent_v1_rl_apply_insert_by_org_admin,PERMISSIVE,{authenticated},INSERT,,
public,agent_v1_record_layout_apply_audit,agent_v1_rl_apply_select_by_org_role,PERMISSIVE,{authenticated},SELECT,,
public,agent_v1_record_layout_proposals,agent_v1_rl_proposals_insert_by_org_admin,PERMISSIVE,{authenticated},INSERT,,
public,agent_v1_record_layout_proposals,agent_v1_rl_proposals_select_by_org_role,PERMISSIVE,{authenticated},SELECT,,
public,agent_v2_field_visibility_apply_audit,agent_v2_fv_apply_insert_by_org_admin,PERMISSIVE,{authenticated},INSERT,,
public,agent_v2_field_visibility_apply_audit,agent_v2_fv_apply_select_by_org_role,PERMISSIVE,{authenticated},SELECT,,
public,agent_v2_field_visibility_proposals,agent_v2_fv_proposals_insert_by_org_admin,PERMISSIVE,{authenticated},INSERT,,
public,agent_v2_field_visibility_proposals,agent_v2_fv_proposals_select_by_org_role,PERMISSIVE,{authenticated},SELECT,,
public,announcement_deliveries,announcement_deliveries_select_org,PERMISSIVE,{authenticated},SELECT,,
public,announcement_deliveries,announcement_deliveries_service_all,PERMISSIVE,{authenticated},ALL,,
public,announcement_recipients,announcement_recipients_select_org,PERMISSIVE,{authenticated},SELECT,,
public,announcement_recipients,announcement_recipients_service_all,PERMISSIVE,{authenticated},ALL,,
public,announcement_targets,announcement_targets_select_org,PERMISSIVE,{authenticated},SELECT,,
public,announcement_targets,announcement_targets_service_all,PERMISSIVE,{authenticated},ALL,,
public,announcements,announcements_select_org,PERMISSIVE,{authenticated},SELECT,,
public,announcements,announcements_service_all,PERMISSIVE,{authenticated},ALL,,
public,app_users,app_users_admin_write,PERMISSIVE,{public},ALL,,
public,app_users,app_users_read_self_or_admin,PERMISSIVE,{public},SELECT,,
public,assignment_statuses,admin_ops_full_access,PERMISSIVE,{public},ALL,,
public,assignments,admin_ops_full_access,PERMISSIVE,{public},ALL,,
public,business_process_layout_assignments,bp_layout_assignments_mutate_by_org_admin,PERMISSIVE,{authenticated},ALL,,
public,business_process_layout_assignments,bp_layout_assignments_select_by_org_role,PERMISSIVE,{authenticated},SELECT,,
public,campaigns,admin_ops_full_access,PERMISSIVE,{public},ALL,,
public,charge_line_items,charge_line_items_insert_same_org,PERMISSIVE,{authenticated},INSERT,,
public,charge_line_items,charge_line_items_select_same_org,PERMISSIVE,{authenticated},SELECT,,
public,charge_line_items,charge_line_items_update_same_org,PERMISSIVE,{authenticated},UPDATE,,
public,charge_line_items,service role full access charge_line_items,PERMISSIVE,{service_role},ALL,,
public,charges,charges_childcare_write_rolegate,RESTRICTIVE,{authenticated},ALL,,
public,charges,charges_insert_same_org,PERMISSIVE,{authenticated},INSERT,,
public,charges,charges_select_same_org,PERMISSIVE,{authenticated},SELECT,,
public,charges,charges_update_same_org,PERMISSIVE,{authenticated},UPDATE,,
public,charges,service role full access charges,PERMISSIVE,{service_role},ALL,,
public,child_attendance_events,child_attendance_events_insert_crm,PERMISSIVE,{authenticated},INSERT,,
public,child_attendance_events,child_attendance_events_select_org,PERMISSIVE,{authenticated},SELECT,,
public,child_attendance_events,child_attendance_events_service_all,PERMISSIVE,{authenticated},ALL,,
public,child_enrollment_agreements,child_enrollment_agreements_mutate_crm,PERMISSIVE,{authenticated},ALL,,
public,child_enrollment_agreements,child_enrollment_agreements_select_org,PERMISSIVE,{authenticated},SELECT,,
public,child_enrollment_agreements,child_enrollment_agreements_service_all,PERMISSIVE,{authenticated},ALL,,
public,child_placements,child_placements_mutate_crm,PERMISSIVE,{authenticated},ALL,,
public,child_placements,child_placements_select_org,PERMISSIVE,{authenticated},SELECT,,
public,child_placements,child_placements_service_all,PERMISSIVE,{authenticated},ALL,,
public,childcare_capacity_rules,childcare_capacity_rules_all_service_role,PERMISSIVE,{service_role},ALL,,
public,childcare_capacity_rules,childcare_capacity_rules_delete_org,PERMISSIVE,{authenticated},DELETE,,
public,childcare_capacity_rules,childcare_capacity_rules_insert_org,PERMISSIVE,{authenticated},INSERT,,
public,childcare_capacity_rules,childcare_capacity_rules_select_org,PERMISSIVE,{authenticated},SELECT,,
public,childcare_capacity_rules,childcare_capacity_rules_update_org,PERMISSIVE,{authenticated},UPDATE,,
public,childcare_operating_windows,childcare_operating_windows_all_service_role,PERMISSIVE,{service_role},ALL,,
public,childcare_operating_windows,childcare_operating_windows_delete_org,PERMISSIVE,{authenticated},DELETE,,
public,childcare_operating_windows,childcare_operating_windows_insert_org,PERMISSIVE,{authenticated},INSERT,,
public,childcare_operating_windows,childcare_operating_windows_select_org,PERMISSIVE,{authenticated},SELECT,,
public,childcare_operating_windows,childcare_operating_windows_update_org,PERMISSIVE,{authenticated},UPDATE,,
public,childcare_rate_plans,childcare_rate_plans_all_service_role,PERMISSIVE,{service_role},ALL,,
public,childcare_rate_plans,childcare_rate_plans_delete_org,PERMISSIVE,{authenticated},DELETE,,
public,childcare_rate_plans,childcare_rate_plans_insert_org,PERMISSIVE,{authenticated},INSERT,,
public,childcare_rate_plans,childcare_rate_plans_select_org,PERMISSIVE,{authenticated},SELECT,,
public,childcare_rate_plans,childcare_rate_plans_update_org,PERMISSIVE,{authenticated},UPDATE,,
public,childcare_rate_rules,childcare_rate_rules_all_service_role,PERMISSIVE,{service_role},ALL,,
public,childcare_rate_rules,childcare_rate_rules_delete_org,PERMISSIVE,{authenticated},DELETE,,
public,childcare_rate_rules,childcare_rate_rules_insert_org,PERMISSIVE,{authenticated},INSERT,,
public,childcare_rate_rules,childcare_rate_rules_select_org,PERMISSIVE,{authenticated},SELECT,,
public,childcare_rate_rules,childcare_rate_rules_update_org,PERMISSIVE,{authenticated},UPDATE,,
public,childcare_ratio_rule_tiers,childcare_ratio_rule_tiers_all_service_role,PERMISSIVE,{service_role},ALL,,
public,childcare_ratio_rule_tiers,childcare_ratio_rule_tiers_delete_org,PERMISSIVE,{authenticated},DELETE,,
public,childcare_ratio_rule_tiers,childcare_ratio_rule_tiers_insert_org,PERMISSIVE,{authenticated},INSERT,,
public,childcare_ratio_rule_tiers,childcare_ratio_rule_tiers_select_org,PERMISSIVE,{authenticated},SELECT,,
public,childcare_ratio_rule_tiers,childcare_ratio_rule_tiers_update_org,PERMISSIVE,{authenticated},UPDATE,,
public,childcare_ratio_rules,childcare_ratio_rules_all_service_role,PERMISSIVE,{service_role},ALL,,
public,childcare_ratio_rules,childcare_ratio_rules_delete_org,PERMISSIVE,{authenticated},DELETE,,
public,childcare_ratio_rules,childcare_ratio_rules_insert_org,PERMISSIVE,{authenticated},INSERT,,
public,childcare_ratio_rules,childcare_ratio_rules_select_org,PERMISSIVE,{authenticated},SELECT,,
public,childcare_ratio_rules,childcare_ratio_rules_update_org,PERMISSIVE,{authenticated},UPDATE,,
public,childcare_schedule_rules,childcare_schedule_rules_all_service_role,PERMISSIVE,{service_role},ALL,,
public,childcare_schedule_rules,childcare_schedule_rules_delete_org,PERMISSIVE,{authenticated},DELETE,,
public,childcare_schedule_rules,childcare_schedule_rules_insert_org,PERMISSIVE,{authenticated},INSERT,,
public,childcare_schedule_rules,childcare_schedule_rules_select_org,PERMISSIVE,{authenticated},SELECT,,
public,childcare_schedule_rules,childcare_schedule_rules_update_org,PERMISSIVE,{authenticated},UPDATE,,
public,cleaning_job_addons,admin_ops_full_access,PERMISSIVE,{public},ALL,,
public,cleaning_job_details,admin_ops_full_access,PERMISSIVE,{public},ALL,,
public,cleaning_service_types,admin_ops_full_access,PERMISSIVE,{public},ALL,,
public,communication_delivery_events,communication_delivery_events_select_org,PERMISSIVE,{authenticated},SELECT,,
public,communication_delivery_events,communication_delivery_events_service_all,PERMISSIVE,{authenticated},ALL,,
public,communication_message_reads,communication_reads_select_org,PERMISSIVE,{authenticated},SELECT,,
public,communication_message_reads,communication_reads_service_all,PERMISSIVE,{authenticated},ALL,,
public,communication_message_recipients,communication_message_recipients_select_org,PERMISSIVE,{authenticated},SELECT,,
public,communication_message_recipients,communication_message_recipients_service_all,PERMISSIVE,{authenticated},ALL,,
public,communication_messages,communication_messages_select_org,PERMISSIVE,{authenticated},SELECT,,
public,communication_messages,communication_messages_service_all,PERMISSIVE,{authenticated},ALL,,
public,communication_preference_events,communication_preference_events_select_org,PERMISSIVE,{authenticated},SELECT,,
public,communication_preference_events,communication_preference_events_service_all,PERMISSIVE,{authenticated},ALL,,
public,communication_preferences,communication_preferences_select_org,PERMISSIVE,{authenticated},SELECT,,
public,communication_preferences,communication_preferences_service_all,PERMISSIVE,{authenticated},ALL,,
public,communication_provider_bindings,communication_bindings_select_org,PERMISSIVE,{authenticated},SELECT,,
public,communication_provider_bindings,communication_bindings_service_all,PERMISSIVE,{authenticated},ALL,,
public,communication_scheduled_sends,communication_scheduled_sends_mutate_crm,PERMISSIVE,{authenticated},INSERT,,
public,communication_scheduled_sends,communication_scheduled_sends_select_org,PERMISSIVE,{authenticated},SELECT,,
public,communication_scheduled_sends,communication_scheduled_sends_service_all,PERMISSIVE,{authenticated},ALL,,
public,communication_scheduled_sends,communication_scheduled_sends_update_crm,PERMISSIVE,{authenticated},UPDATE,,
public,communication_snippets,communication_snippets_select_org,PERMISSIVE,{authenticated},SELECT,,
public,communication_snippets,communication_snippets_service_all,PERMISSIVE,{authenticated},ALL,,
public,communication_template_versions,communication_template_versions_select_org,PERMISSIVE,{authenticated},SELECT,,
public,communication_template_versions,communication_template_versions_service_all,PERMISSIVE,{authenticated},ALL,,
public,communication_templates,communication_templates_select_org,PERMISSIVE,{authenticated},SELECT,,
public,communication_templates,communication_templates_service_all,PERMISSIVE,{authenticated},ALL,,
public,communication_threads,communication_threads_select_org,PERMISSIVE,{authenticated},SELECT,,
public,communication_threads,communication_threads_service_all,PERMISSIVE,{authenticated},ALL,,
public,config_layout_assist_proposals,config_layout_assist_proposals_insert_admin,PERMISSIVE,{authenticated},INSERT,,
public,config_layout_assist_proposals,config_layout_assist_proposals_select_org,PERMISSIVE,{authenticated},SELECT,,
public,config_layout_assist_proposals,config_layout_assist_proposals_service_all,PERMISSIVE,{service_role},ALL,,
public,config_layout_assist_proposals,config_layout_assist_proposals_update_admin,PERMISSIVE,{authenticated},UPDATE,,
public,contact_tags,admin_ops_full_access,PERMISSIVE,{public},ALL,,
public,contacts,admin_ops_full_access,PERMISSIVE,{public},ALL,,
public,contacts,contacts_insert_by_org_role,PERMISSIVE,{public},INSERT,,
public,contacts,contacts_select_by_org_role,PERMISSIVE,{public},SELECT,,
public,contacts,contacts_update_by_org_role,PERMISSIVE,{public},UPDATE,,
public,conversation_assignment_events,conversation_assignment_events_select_org,PERMISSIVE,{authenticated},SELECT,,
public,conversation_assignment_events,conversation_assignment_events_service_all,PERMISSIVE,{authenticated},ALL,,
public,customer_member_contact_roles,customer_member_contact_roles_modify_admin_ops,PERMISSIVE,{authenticated},ALL,,
public,customer_member_contact_roles,customer_member_contact_roles_select_org_members,PERMISSIVE,{authenticated},SELECT,,
public,customer_member_contact_roles,customer_member_contact_roles_service_role_all,PERMISSIVE,{public},ALL,,
public,customer_member_contacts,customer_member_contacts_modify_admin_ops,PERMISSIVE,{authenticated},ALL,,
public,customer_member_contacts,customer_member_contacts_select_org_members,PERMISSIVE,{authenticated},SELECT,,
public,customer_member_contacts,customer_member_contacts_service_role_all,PERMISSIVE,{public},ALL,,
public,customer_member_relationship_types,cmrt_modify_admin_ops,PERMISSIVE,{authenticated},ALL,,
public,customer_member_relationship_types,cmrt_select_org_members,PERMISSIVE,{authenticated},SELECT,,
public,customer_member_relationship_types,cmrt_service_role_all,PERMISSIVE,{public},ALL,,
public,customer_member_relationship_types,customer_member_relationship_types_modify_admin_ops,PERMISSIVE,{authenticated},ALL,,
public,customer_member_relationship_types,customer_member_relationship_types_select_org_members,PERMISSIVE,{authenticated},SELECT,,
public,customer_member_relationship_types,customer_member_relationship_types_service_role_all,PERMISSIVE,{public},ALL,,
public,customer_members,customer_members_modify_admin_ops,PERMISSIVE,{authenticated},ALL,,
public,customer_members,customer_members_select_org_members,PERMISSIVE,{authenticated},SELECT,,
public,customer_members,customer_members_service_role_all,PERMISSIVE,{public},ALL,,
public,customer_person_role_types,customer_person_role_types_delete_by_org_role,PERMISSIVE,{authenticated},DELETE,,
public,customer_person_role_types,customer_person_role_types_insert_by_org_role,PERMISSIVE,{public},INSERT,,
public,customer_person_role_types,customer_person_role_types_select_by_org_role,PERMISSIVE,{public},SELECT,,
public,customer_person_role_types,customer_person_role_types_update_by_org_role,PERMISSIVE,{public},UPDATE,,
public,customer_persons,customer_persons_delete_by_org_role,PERMISSIVE,{authenticated},DELETE,,
public,customer_persons,customer_persons_insert_by_org_role,PERMISSIVE,{public},INSERT,,
public,customer_persons,customer_persons_select_by_org_role,PERMISSIVE,{public},SELECT,,
public,customer_persons,customer_persons_update_by_org_role,PERMISSIVE,{public},UPDATE,,
public,customer_subscriptions,customer_subscriptions_delete_same_org,PERMISSIVE,{authenticated},DELETE,,
public,customer_subscriptions,customer_subscriptions_insert_same_org,PERMISSIVE,{authenticated},INSERT,,
public,customer_subscriptions,customer_subscriptions_select_same_org,PERMISSIVE,{authenticated},SELECT,,
public,customer_subscriptions,customer_subscriptions_update_same_org,PERMISSIVE,{authenticated},UPDATE,,
public,customer_subscriptions,service role full access customer_subscriptions,PERMISSIVE,{service_role},ALL,,
public,customer_tags,admin_ops_full_access,PERMISSIVE,{public},ALL,,
public,customers,admin_ops_full_access,PERMISSIVE,{public},ALL,,
public,departments,departments_delete_same_org,PERMISSIVE,{authenticated},DELETE,,
public,departments,departments_insert_same_org,PERMISSIVE,{authenticated},INSERT,,
public,departments,departments_select_same_org,PERMISSIVE,{authenticated},SELECT,,
public,departments,departments_update_same_org,PERMISSIVE,{authenticated},UPDATE,,
public,departments,service role full access departments,PERMISSIVE,{service_role},ALL,,
public,discount_applications,discount_applications_admin_ops_full_access,PERMISSIVE,{public},ALL,,
public,discount_applications,service_role_full_access_discount_applications,PERMISSIVE,{service_role},ALL,,
public,discount_codes,service_role_all_discount_codes,PERMISSIVE,{service_role},ALL,,
public,discount_commitments,discount_commitments_admin_ops_full_access,PERMISSIVE,{public},ALL,,
public,discount_commitments,service_role_full_access_discount_commitments,PERMISSIVE,{service_role},ALL,,
public,discount_program_benefits,discount_program_benefits_admin_ops_full_access,PERMISSIVE,{public},ALL,,
public,discount_program_benefits,service_role_full_access_discount_program_benefits,PERMISSIVE,{service_role},ALL,,
public,discount_program_commitment_rules,discount_program_commitment_rules_admin_ops_full_access,PERMISSIVE,{public},ALL,,
public,discount_program_commitment_rules,service_role_full_access_discount_program_commitment_rules,PERMISSIVE,{service_role},ALL,,
public,discount_program_qualifiers,discount_program_qualifiers_admin_ops_full_access,PERMISSIVE,{public},ALL,,
public,discount_program_qualifiers,service_role_full_access_discount_program_qualifiers,PERMISSIVE,{service_role},ALL,,
public,discount_programs,discount_programs_admin_ops_full_access,PERMISSIVE,{public},ALL,,
public,discount_programs,service_role_full_access_discount_programs,PERMISSIVE,{service_role},ALL,,
public,discount_redemptions,service_role_all_discount_redemptions,PERMISSIVE,{service_role},ALL,,
public,discounts,admin_ops_full_access,PERMISSIVE,{public},ALL,,
public,document_field_definitions,document_field_definitions_delete_org,PERMISSIVE,{authenticated},DELETE,,
public,document_field_definitions,document_field_definitions_insert_org,PERMISSIVE,{authenticated},INSERT,,
public,document_field_definitions,document_field_definitions_select_org,PERMISSIVE,{authenticated},SELECT,,
public,document_field_definitions,document_field_definitions_update_org,PERMISSIVE,{authenticated},UPDATE,,
public,document_field_values,document_field_values_delete_org,PERMISSIVE,{authenticated},DELETE,,
public,document_field_values,document_field_values_insert_org,PERMISSIVE,{authenticated},INSERT,,
public,document_field_values,document_field_values_select_org,PERMISSIVE,{authenticated},SELECT,,
public,document_field_values,document_field_values_update_org,PERMISSIVE,{authenticated},UPDATE,,
public,document_versions,document_versions_delete_org,PERMISSIVE,{authenticated},DELETE,,
public,document_versions,document_versions_insert_org,PERMISSIVE,{authenticated},INSERT,,
public,document_versions,document_versions_select_org,PERMISSIVE,{authenticated},SELECT,,
public,document_versions,document_versions_update_org,PERMISSIVE,{authenticated},UPDATE,,
public,documents,documents_delete_org_admin,PERMISSIVE,{authenticated},DELETE,,
public,documents,documents_select_org_admin,PERMISSIVE,{authenticated},SELECT,,
public,documents,documents_update_org_admin,PERMISSIVE,{authenticated},UPDATE,,
public,documents,documents_write_org_admin,PERMISSIVE,{authenticated},INSERT,,
public,entity_labels,entity_labels_modify_admin_ops,PERMISSIVE,{authenticated},ALL,,
public,entity_labels,entity_labels_select,PERMISSIVE,{authenticated},SELECT,,
public,entity_labels,entity_labels_select_org_members,PERMISSIVE,{public},SELECT,,
public,entity_labels,entity_labels_service_role,PERMISSIVE,{public},ALL,,
public,entity_layouts,entity_layouts_delete_by_org_role,PERMISSIVE,{authenticated},DELETE,,
public,entity_layouts,entity_layouts_insert_by_org_role,PERMISSIVE,{authenticated},INSERT,,
public,entity_layouts,entity_layouts_select_by_org_role,PERMISSIVE,{authenticated},SELECT,,
public,entity_layouts,entity_layouts_update_by_org_role,PERMISSIVE,{authenticated},UPDATE,,
public,external_mappings,admin_ops_full_access,PERMISSIVE,{public},ALL,,
public,field_definitions,field_definitions_delete_by_org_role,PERMISSIVE,{public},DELETE,,
public,field_definitions,field_definitions_insert_by_org_role,PERMISSIVE,{public},INSERT,,
public,field_definitions,field_definitions_select_by_org_role,PERMISSIVE,{public},SELECT,,
public,field_definitions,field_definitions_update_by_org_role,PERMISSIVE,{public},UPDATE,,
public,field_section_definitions,field_section_definitions_delete_by_org_role,PERMISSIVE,{authenticated},DELETE,,
public,field_section_definitions,field_section_definitions_insert_by_org_role,PERMISSIVE,{authenticated},INSERT,,
public,field_section_definitions,field_section_definitions_select_by_org_role,PERMISSIVE,{authenticated},SELECT,,
public,field_section_definitions,field_section_definitions_update_by_org_role,PERMISSIVE,{authenticated},UPDATE,,
public,field_values,field_values_delete_by_org_role,PERMISSIVE,{public},DELETE,,
public,field_values,field_values_insert_by_org_role,PERMISSIVE,{public},INSERT,,
public,field_values,field_values_select_by_org_role,PERMISSIVE,{public},SELECT,,
public,field_values,field_values_update_by_org_role,PERMISSIVE,{public},UPDATE,,
public,form_definition_versions,form_definition_versions_all_service_role,PERMISSIVE,{service_role},ALL,,
public,form_definition_versions,form_definition_versions_delete_by_org_role,PERMISSIVE,{authenticated},DELETE,,
public,form_definition_versions,form_definition_versions_mutate_by_org_role,PERMISSIVE,{authenticated},INSERT,,
public,form_definition_versions,form_definition_versions_select_by_org_role,PERMISSIVE,{authenticated},SELECT,,
public,form_definition_versions,form_definition_versions_update_by_org_role,PERMISSIVE,{authenticated},UPDATE,,
public,form_definitions,form_definitions_all_service_role,PERMISSIVE,{service_role},ALL,,
public,form_definitions,form_definitions_delete_by_org_role,PERMISSIVE,{authenticated},DELETE,,
public,form_definitions,form_definitions_insert_by_org_role,PERMISSIVE,{authenticated},INSERT,,
public,form_definitions,form_definitions_select_by_org_role,PERMISSIVE,{authenticated},SELECT,,
public,form_definitions,form_definitions_update_by_org_role,PERMISSIVE,{authenticated},UPDATE,,
public,form_packet_definitions,form_packet_definitions_all_service_role,PERMISSIVE,{service_role},ALL,,
public,form_packet_definitions,form_packet_definitions_delete_by_org_role,PERMISSIVE,{authenticated},DELETE,,
public,form_packet_definitions,form_packet_definitions_mutate_by_org_role,PERMISSIVE,{authenticated},INSERT,,
public,form_packet_definitions,form_packet_definitions_select_by_org_role,PERMISSIVE,{authenticated},SELECT,,
public,form_packet_definitions,form_packet_definitions_update_by_org_role,PERMISSIVE,{authenticated},UPDATE,,
public,form_packet_items,form_packet_items_all_service_role,PERMISSIVE,{service_role},ALL,,
public,form_packet_items,form_packet_items_delete_by_org_role,PERMISSIVE,{authenticated},DELETE,,
public,form_packet_items,form_packet_items_mutate_by_org_role,PERMISSIVE,{authenticated},INSERT,,
public,form_packet_items,form_packet_items_select_by_org_role,PERMISSIVE,{authenticated},SELECT,,
public,form_packet_items,form_packet_items_update_by_org_role,PERMISSIVE,{authenticated},UPDATE,,
public,form_packet_session_items,form_packet_session_items_all_service_role,PERMISSIVE,{service_role},ALL,,
public,form_packet_session_items,form_packet_session_items_delete_by_org_role,PERMISSIVE,{authenticated},DELETE,,
public,form_packet_session_items,form_packet_session_items_mutate_by_org_role,PERMISSIVE,{authenticated},INSERT,,
public,form_packet_session_items,form_packet_session_items_select_by_org_role,PERMISSIVE,{authenticated},SELECT,,
public,form_packet_session_items,form_packet_session_items_update_by_org_role,PERMISSIVE,{authenticated},UPDATE,,
public,form_packet_sessions,form_packet_sessions_all_service_role,PERMISSIVE,{service_role},ALL,,
public,form_packet_sessions,form_packet_sessions_delete_by_org_role,PERMISSIVE,{authenticated},DELETE,,
public,form_packet_sessions,form_packet_sessions_mutate_by_org_role,PERMISSIVE,{authenticated},INSERT,,
public,form_packet_sessions,form_packet_sessions_select_by_org_role,PERMISSIVE,{authenticated},SELECT,,
public,form_packet_sessions,form_packet_sessions_update_by_org_role,PERMISSIVE,{authenticated},UPDATE,,
public,form_public_links,form_public_links_all_service_role,PERMISSIVE,{service_role},ALL,,
public,form_public_links,form_public_links_delete_by_org_role,PERMISSIVE,{authenticated},DELETE,,
public,form_public_links,form_public_links_mutate_by_org_role,PERMISSIVE,{authenticated},INSERT,,
public,form_public_links,form_public_links_select_by_org_role,PERMISSIVE,{authenticated},SELECT,,
public,form_public_links,form_public_links_update_by_org_role,PERMISSIVE,{authenticated},UPDATE,,
public,form_submission_documents,form_submission_documents_all_service_role,PERMISSIVE,{service_role},ALL,,
public,form_submission_documents,form_submission_documents_delete_by_org_role,PERMISSIVE,{authenticated},DELETE,,
public,form_submission_documents,form_submission_documents_mutate_by_org_role,PERMISSIVE,{authenticated},INSERT,,
public,form_submission_documents,form_submission_documents_select_by_org_role,PERMISSIVE,{authenticated},SELECT,,
public,form_submission_documents,form_submission_documents_update_by_org_role,PERMISSIVE,{authenticated},UPDATE,,
public,form_submission_signatures,form_submission_signatures_all_service_role,PERMISSIVE,{service_role},ALL,,
public,form_submission_signatures,form_submission_signatures_delete_by_org_role,PERMISSIVE,{authenticated},DELETE,,
public,form_submission_signatures,form_submission_signatures_mutate_by_org_role,PERMISSIVE,{authenticated},INSERT,,
public,form_submission_signatures,form_submission_signatures_select_by_org_role,PERMISSIVE,{authenticated},SELECT,,
public,form_submission_signatures,form_submission_signatures_update_by_org_role,PERMISSIVE,{authenticated},UPDATE,,
public,form_submissions,form_submissions_all_service_role,PERMISSIVE,{service_role},ALL,,
public,form_submissions,form_submissions_delete_by_org_role,PERMISSIVE,{authenticated},DELETE,,
public,form_submissions,form_submissions_mutate_by_org_role,PERMISSIVE,{authenticated},INSERT,,
public,form_submissions,form_submissions_select_by_org_role,PERMISSIVE,{authenticated},SELECT,,
public,form_submissions,form_submissions_update_by_org_role,PERMISSIVE,{authenticated},UPDATE,,
public,gl_account_mappings,gl_account_mappings_delete_same_org,PERMISSIVE,{authenticated},DELETE,,
public,gl_account_mappings,gl_account_mappings_insert_same_org,PERMISSIVE,{authenticated},INSERT,,
public,gl_account_mappings,gl_account_mappings_select_same_org,PERMISSIVE,{authenticated},SELECT,,
public,gl_account_mappings,gl_account_mappings_update_same_org,PERMISSIVE,{authenticated},UPDATE,,
public,gl_account_mappings,service_role_full_access_gl_account_mappings,PERMISSIVE,{service_role},ALL,,
public,gl_accounts,gl_accounts_delete_same_org,PERMISSIVE,{authenticated},DELETE,,
public,gl_accounts,gl_accounts_insert_same_org,PERMISSIVE,{authenticated},INSERT,,
public,gl_accounts,gl_accounts_select_same_org,PERMISSIVE,{authenticated},SELECT,,
public,gl_accounts,gl_accounts_update_same_org,PERMISSIVE,{authenticated},UPDATE,,
public,gl_accounts,service_role_full_access_gl_accounts,PERMISSIVE,{service_role},ALL,,
public,gl_journal_entries,gl_journal_entries_delete_same_org,PERMISSIVE,{authenticated},DELETE,,
public,gl_journal_entries,gl_journal_entries_insert_same_org,PERMISSIVE,{authenticated},INSERT,,
public,gl_journal_entries,gl_journal_entries_select_same_org,PERMISSIVE,{authenticated},SELECT,,
public,gl_journal_entries,gl_journal_entries_update_same_org,PERMISSIVE,{authenticated},UPDATE,,
public,gl_journal_entries,service_role_full_access_gl_journal_entries,PERMISSIVE,{service_role},ALL,,
public,gl_journal_lines,gl_journal_lines_childcare_write_rolegate,RESTRICTIVE,{authenticated},ALL,,
public,gl_journal_lines,gl_journal_lines_delete_same_org,PERMISSIVE,{authenticated},DELETE,,
public,gl_journal_lines,gl_journal_lines_insert_same_org,PERMISSIVE,{authenticated},INSERT,,
public,gl_journal_lines,gl_journal_lines_select_same_org,PERMISSIVE,{authenticated},SELECT,,
public,gl_journal_lines,gl_journal_lines_update_same_org,PERMISSIVE,{authenticated},UPDATE,,
public,gl_journal_lines,service_role_full_access_gl_journal_lines,PERMISSIVE,{service_role},ALL,,
public,home_types,admin_ops_full_access,PERMISSIVE,{public},ALL,,
public,industries,industries_select,PERMISSIVE,{authenticated},SELECT,,
public,industry_default_entity_labels,industry_default_entity_labels_select,PERMISSIVE,{authenticated},SELECT,,
public,job_line_items,job_line_items_delete_same_org,PERMISSIVE,{authenticated},DELETE,,
public,job_line_items,job_line_items_insert_same_org,PERMISSIVE,{authenticated},INSERT,,
public,job_line_items,job_line_items_select_same_org,PERMISSIVE,{authenticated},SELECT,,
public,job_line_items,job_line_items_update_same_org,PERMISSIVE,{authenticated},UPDATE,,
public,job_line_items,service role full access job_line_items,PERMISSIVE,{service_role},ALL,,
public,job_pricing_snapshots,job_pricing_snapshots_delete_same_org,PERMISSIVE,{authenticated},DELETE,,
public,job_pricing_snapshots,job_pricing_snapshots_insert_same_org,PERMISSIVE,{authenticated},INSERT,,
public,job_pricing_snapshots,job_pricing_snapshots_select_same_org,PERMISSIVE,{authenticated},SELECT,,
public,job_pricing_snapshots,job_pricing_snapshots_update_same_org,PERMISSIVE,{authenticated},UPDATE,,
public,job_pricing_snapshots,service role full access job_pricing_snapshots,PERMISSIVE,{service_role},ALL,,
public,job_statuses,admin_ops_full_access,PERMISSIVE,{public},ALL,,
public,job_tags,admin_ops_full_access,PERMISSIVE,{public},ALL,,
public,jobs,admin_ops_full_access,PERMISSIVE,{public},ALL,,
public,ledger_transactions,ledger_transactions_childcare_write_rolegate,RESTRICTIVE,{authenticated},ALL,,
public,ledger_transactions,ledger_transactions_delete_same_org,PERMISSIVE,{authenticated},DELETE,,
public,ledger_transactions,ledger_transactions_insert_same_org,PERMISSIVE,{authenticated},INSERT,,
public,ledger_transactions,ledger_transactions_select_same_org,PERMISSIVE,{authenticated},SELECT,,
public,ledger_transactions,ledger_transactions_update_same_org,PERMISSIVE,{authenticated},UPDATE,,
public,ledger_transactions,service_role_full_access_ledger_transactions,PERMISSIVE,{service_role},ALL,,
public,location_program_categories,location_program_categories_all_service_role,PERMISSIVE,{service_role},ALL,,
public,location_program_categories,location_program_categories_delete_org,PERMISSIVE,{authenticated},DELETE,,
public,location_program_categories,location_program_categories_insert_org,PERMISSIVE,{authenticated},INSERT,,
public,location_program_categories,location_program_categories_select_org,PERMISSIVE,{authenticated},SELECT,,
public,location_program_categories,location_program_categories_update_org,PERMISSIVE,{authenticated},UPDATE,,
public,location_tags,admin_ops_full_access,PERMISSIVE,{public},ALL,,
public,location_types,location_types_modify,PERMISSIVE,{authenticated},ALL,,
public,location_types,location_types_select,PERMISSIVE,{authenticated},SELECT,,
public,locations,admin_ops_full_access,PERMISSIVE,{public},ALL,,
public,messages,admin_ops_full_access,PERMISSIVE,{public},ALL,,
public,messages_outbox,messages_outbox_delete_service_role,PERMISSIVE,{authenticated},DELETE,,
public,messages_outbox,messages_outbox_insert_service_role,PERMISSIVE,{authenticated},INSERT,,
public,messages_outbox,messages_outbox_select_org_members,PERMISSIVE,{authenticated},SELECT,,
public,messages_outbox,messages_outbox_update_service_role,PERMISSIVE,{authenticated},UPDATE,,
public,metric_definitions,metric_definitions_all_service_role,PERMISSIVE,{service_role},ALL,,
public,metric_definitions,metric_definitions_select_authenticated,PERMISSIVE,{authenticated},SELECT,,
public,metric_placements,metric_placements_all_service_role,PERMISSIVE,{service_role},ALL,,
public,metric_placements,metric_placements_select_authenticated,PERMISSIVE,{authenticated},SELECT,,
public,metric_platform_snapshots,metric_platform_snapshots_all_service_role,PERMISSIVE,{service_role},ALL,,
public,metric_platform_snapshots,metric_platform_snapshots_select_authenticated,PERMISSIVE,{authenticated},SELECT,,
public,metric_rollups,metric_rollups_all_service_role,PERMISSIVE,{service_role},ALL,,
public,metric_rollups,metric_rollups_select_authenticated,PERMISSIVE,{authenticated},SELECT,,
public,metric_snapshots,metric_snapshots_all_service_role,PERMISSIVE,{service_role},ALL,,
public,metric_snapshots,metric_snapshots_select_authenticated,PERMISSIVE,{authenticated},SELECT,,
public,metric_visualizations,metric_visualizations_all_service_role,PERMISSIVE,{service_role},ALL,,
public,metric_visualizations,metric_visualizations_select_authenticated,PERMISSIVE,{authenticated},SELECT,,
public,operational_tasks,operational_tasks_insert_crm,PERMISSIVE,{authenticated},INSERT,,
public,operational_tasks,operational_tasks_select_org,PERMISSIVE,{authenticated},SELECT,,
public,operational_tasks,operational_tasks_service_all,PERMISSIVE,{authenticated},ALL,,
public,operational_tasks,operational_tasks_update_crm,PERMISSIVE,{authenticated},UPDATE,,
public,opportunities,admin_ops_full_access,PERMISSIVE,{public},ALL,,
public,opportunity_customer_members,admin_ops_full_access,PERMISSIVE,{public},ALL,,
public,opportunity_persons,admin_ops_full_access,PERMISSIVE,{public},ALL,,
public,opportunity_tags,admin_ops_full_access,PERMISSIVE,{public},ALL,,
public,option_set_items,option_set_items_delete_by_org,PERMISSIVE,{authenticated},DELETE,,
public,option_set_items,option_set_items_insert_by_org,PERMISSIVE,{authenticated},INSERT,,
public,option_set_items,option_set_items_select_by_org,PERMISSIVE,{authenticated},SELECT,,
public,option_set_items,option_set_items_update_by_org,PERMISSIVE,{authenticated},UPDATE,,
public,option_sets,option_sets_delete_by_org_role,PERMISSIVE,{authenticated},DELETE,,
public,option_sets,option_sets_insert_by_org_role,PERMISSIVE,{authenticated},INSERT,,
public,option_sets,option_sets_select_by_org_role,PERMISSIVE,{authenticated},SELECT,,
public,option_sets,option_sets_update_by_org_role,PERMISSIVE,{authenticated},UPDATE,,
public,org_settings,org_settings_delete_org,PERMISSIVE,{authenticated},DELETE,,
public,org_settings,org_settings_insert_org,PERMISSIVE,{authenticated},INSERT,,
public,org_settings,org_settings_select_org,PERMISSIVE,{authenticated},SELECT,,
public,org_settings,org_settings_update_org,PERMISSIVE,{authenticated},UPDATE,,
public,payment_allocations,payment_allocations_insert_same_org,PERMISSIVE,{authenticated},INSERT,,
public,payment_allocations,payment_allocations_select_same_org,PERMISSIVE,{authenticated},SELECT,,
public,payment_allocations,payment_allocations_update_same_org,PERMISSIVE,{authenticated},UPDATE,,
public,payment_allocations,service role full access payment_allocations,PERMISSIVE,{service_role},ALL,,
public,payment_statuses,admin_ops_full_access,PERMISSIVE,{public},ALL,,
public,payments,admin_ops_full_access,PERMISSIVE,{public},ALL,,
public,payments,payments_insert_same_org,PERMISSIVE,{authenticated},INSERT,,
public,payments,payments_select_same_org,PERMISSIVE,{authenticated},SELECT,,
public,payments,payments_update_same_org,PERMISSIVE,{authenticated},UPDATE,,
public,payments,service role full access payments,PERMISSIVE,{service_role},ALL,,
public,permission_definitions,permission_definitions_delete_service_role,PERMISSIVE,{authenticated},DELETE,,
public,permission_definitions,permission_definitions_insert_service_role,PERMISSIVE,{authenticated},INSERT,,
public,permission_definitions,permission_definitions_select,PERMISSIVE,{authenticated},SELECT,,
public,permission_definitions,permission_definitions_update_service_role,PERMISSIVE,{authenticated},UPDATE,,
public,permission_keys,permission_keys_select,PERMISSIVE,{public},SELECT,,
public,permission_keys,permission_keys_service_role_all,PERMISSIVE,{public},ALL,,
public,permissions,permissions_all_service_role,PERMISSIVE,{public},ALL,,
public,permissions,permissions_select_authenticated,PERMISSIVE,{authenticated},SELECT,,
public,person_locations,person_locations_delete_org,PERMISSIVE,{authenticated},DELETE,,
public,person_locations,person_locations_insert_org,PERMISSIVE,{authenticated},INSERT,,
public,person_locations,person_locations_select_org,PERMISSIVE,{authenticated},SELECT,,
public,person_locations,person_locations_update_org,PERMISSIVE,{authenticated},UPDATE,,
public,person_relationship_type_settings,person_relationship_type_settings_delete_by_org_role,PERMISSIVE,{authenticated},DELETE,,
public,person_relationship_type_settings,person_relationship_type_settings_insert_by_org_role,PERMISSIVE,{public},INSERT,,
public,person_relationship_type_settings,person_relationship_type_settings_select_by_org_role,PERMISSIVE,{public},SELECT,,
public,person_relationship_type_settings,person_relationship_type_settings_update_by_org_role,PERMISSIVE,{public},UPDATE,,
public,person_relationships,person_relationships_delete_by_org_role,PERMISSIVE,{authenticated},DELETE,,
public,person_relationships,person_relationships_insert_by_org_role,PERMISSIVE,{public},INSERT,,
public,person_relationships,person_relationships_select_by_org_role,PERMISSIVE,{public},SELECT,,
public,person_relationships,person_relationships_update_by_org_role,PERMISSIVE,{public},UPDATE,,
public,persons,persons_delete_by_org_role,PERMISSIVE,{authenticated},DELETE,,
public,persons,persons_insert_by_org_role,PERMISSIVE,{public},INSERT,,
public,persons,persons_select_by_org_role,PERMISSIVE,{public},SELECT,,
public,persons,persons_update_by_org_role,PERMISSIVE,{public},UPDATE,,
public,pipeline_stages,admin_ops_full_access,PERMISSIVE,{public},ALL,,
public,pipelines,admin_ops_full_access,PERMISSIVE,{public},ALL,,
public,placement_candidates,placement_candidates_mutate_crm,PERMISSIVE,{authenticated},ALL,,
public,placement_candidates,placement_candidates_select_org,PERMISSIVE,{authenticated},SELECT,,
public,placement_candidates,placement_candidates_service_all,PERMISSIVE,{authenticated},ALL,,
public,placement_link_group_members,placement_link_group_members_mutate_crm,PERMISSIVE,{authenticated},ALL,,
public,placement_link_group_members,placement_link_group_members_select_org,PERMISSIVE,{authenticated},SELECT,,
public,placement_link_group_members,placement_link_group_members_service_all,PERMISSIVE,{authenticated},ALL,,
public,placement_link_groups,placement_link_groups_mutate_crm,PERMISSIVE,{authenticated},ALL,,
public,placement_link_groups,placement_link_groups_select_org,PERMISSIVE,{authenticated},SELECT,,
public,placement_link_groups,placement_link_groups_service_all,PERMISSIVE,{authenticated},ALL,,
public,placement_overrides,placement_overrides_mutate_crm,PERMISSIVE,{authenticated},ALL,,
public,placement_overrides,placement_overrides_select_org,PERMISSIVE,{authenticated},SELECT,,
public,placement_overrides,placement_overrides_service_all,PERMISSIVE,{authenticated},ALL,,
public,pricing_addons,pricing_addons_read,PERMISSIVE,{public},SELECT,,
public,pricing_addons,pricing_addons_write,PERMISSIVE,{public},ALL,,
public,pricing_addons,pricing_admin_delete_addons,PERMISSIVE,{authenticated},DELETE,,
public,pricing_addons,pricing_admin_insert_addons,PERMISSIVE,{authenticated},INSERT,,
public,pricing_addons,pricing_admin_update_addons,PERMISSIVE,{authenticated},UPDATE,,
public,pricing_addons,pricing_read_addons,PERMISSIVE,{authenticated},SELECT,,
public,pricing_dimension_values,pricing_dimension_values_delete_org,PERMISSIVE,{authenticated},DELETE,,
public,pricing_dimension_values,pricing_dimension_values_insert_org,PERMISSIVE,{authenticated},INSERT,,
public,pricing_dimension_values,pricing_dimension_values_select_org,PERMISSIVE,{authenticated},SELECT,,
public,pricing_dimension_values,pricing_dimension_values_update_org,PERMISSIVE,{authenticated},UPDATE,,
public,pricing_dimensions,pricing_dimensions_delete_org,PERMISSIVE,{authenticated},DELETE,,
public,pricing_dimensions,pricing_dimensions_insert_org,PERMISSIVE,{authenticated},INSERT,,
public,pricing_dimensions,pricing_dimensions_select_org,PERMISSIVE,{authenticated},SELECT,,
public,pricing_dimensions,pricing_dimensions_update_org,PERMISSIVE,{authenticated},UPDATE,,
public,pricing_first_clean_prices,pricing_admin_delete_first_clean,PERMISSIVE,{authenticated},DELETE,,
public,pricing_first_clean_prices,pricing_admin_insert_first_clean,PERMISSIVE,{authenticated},INSERT,,
public,pricing_first_clean_prices,pricing_admin_update_first_clean,PERMISSIVE,{authenticated},UPDATE,,
public,pricing_first_clean_prices,pricing_first_read,PERMISSIVE,{public},SELECT,,
public,pricing_first_clean_prices,pricing_first_write,PERMISSIVE,{public},ALL,,
public,pricing_first_clean_prices,pricing_read_first_clean,PERMISSIVE,{authenticated},SELECT,,
public,pricing_frequencies,pricing_admin_delete_frequencies,PERMISSIVE,{authenticated},DELETE,,
public,pricing_frequencies,pricing_admin_insert_frequencies,PERMISSIVE,{authenticated},INSERT,,
public,pricing_frequencies,pricing_admin_update_frequencies,PERMISSIVE,{authenticated},UPDATE,,
public,pricing_frequencies,pricing_freq_read,PERMISSIVE,{public},SELECT,,
public,pricing_frequencies,pricing_freq_write,PERMISSIVE,{public},ALL,,
public,pricing_frequencies,pricing_read_frequencies,PERMISSIVE,{authenticated},SELECT,,
public,pricing_matrix,pricing_matrix_delete_org,PERMISSIVE,{authenticated},DELETE,,
public,pricing_matrix,pricing_matrix_insert_org,PERMISSIVE,{authenticated},INSERT,,
public,pricing_matrix,pricing_matrix_select_org,PERMISSIVE,{authenticated},SELECT,,
public,pricing_matrix,pricing_matrix_update_org,PERMISSIVE,{authenticated},UPDATE,,
public,pricing_modes,pricing_modes_delete_org,PERMISSIVE,{authenticated},DELETE,,
public,pricing_modes,pricing_modes_insert_org,PERMISSIVE,{authenticated},INSERT,,
public,pricing_modes,pricing_modes_select_org,PERMISSIVE,{authenticated},SELECT,,
public,pricing_modes,pricing_modes_update_org,PERMISSIVE,{authenticated},UPDATE,,
public,pricing_recurring_prices,pricing_admin_delete_recurring,PERMISSIVE,{authenticated},DELETE,,
public,pricing_recurring_prices,pricing_admin_insert_recurring,PERMISSIVE,{authenticated},INSERT,,
public,pricing_recurring_prices,pricing_admin_update_recurring,PERMISSIVE,{authenticated},UPDATE,,
public,pricing_recurring_prices,pricing_read_recurring,PERMISSIVE,{authenticated},SELECT,,
public,pricing_recurring_prices,pricing_recurring_read,PERMISSIVE,{public},SELECT,,
public,pricing_recurring_prices,pricing_recurring_write,PERMISSIVE,{public},ALL,,
public,pricing_services,pricing_admin_delete_services,PERMISSIVE,{authenticated},DELETE,,
public,pricing_services,pricing_admin_insert_services,PERMISSIVE,{authenticated},INSERT,,
public,pricing_services,pricing_admin_update_services,PERMISSIVE,{authenticated},UPDATE,,
public,pricing_services,pricing_read_services,PERMISSIVE,{authenticated},SELECT,,
public,pricing_services,pricing_services_read,PERMISSIVE,{public},SELECT,,
public,pricing_services,pricing_services_write,PERMISSIVE,{public},ALL,,
public,pricing_square_footage_tiers,pricing_admin_delete_sqft,PERMISSIVE,{authenticated},DELETE,,
public,pricing_square_footage_tiers,pricing_admin_insert_sqft,PERMISSIVE,{authenticated},INSERT,,
public,pricing_square_footage_tiers,pricing_admin_update_sqft,PERMISSIVE,{authenticated},UPDATE,,
public,pricing_square_footage_tiers,pricing_read_sqft,PERMISSIVE,{public},SELECT,,
public,pricing_square_footage_tiers,pricing_sqft_read,PERMISSIVE,{public},SELECT,,
public,pricing_square_footage_tiers,pricing_sqft_write,PERMISSIVE,{public},ALL,,
public,processing_case_sources,processing_case_sources_delete_by_org_role,PERMISSIVE,{authenticated},DELETE,,
public,processing_case_sources,processing_case_sources_insert_by_org_role,PERMISSIVE,{authenticated},INSERT,,
public,processing_case_sources,processing_case_sources_select_by_org_role,PERMISSIVE,{authenticated},SELECT,,
public,processing_case_sources,processing_case_sources_update_by_org_role,PERMISSIVE,{authenticated},UPDATE,,
public,processing_cases,processing_cases_delete_by_org_role,PERMISSIVE,{authenticated},DELETE,,
public,processing_cases,processing_cases_insert_by_org_role,PERMISSIVE,{authenticated},INSERT,,
public,processing_cases,processing_cases_select_by_org_role,PERMISSIVE,{authenticated},SELECT,,
public,processing_cases,processing_cases_update_by_org_role,PERMISSIVE,{authenticated},UPDATE,,
public,quotes,admin_ops_full_access,PERMISSIVE,{public},ALL,,
public,record_actions,record_actions_all_service_role,PERMISSIVE,{service_role},ALL,,
public,record_actions,record_actions_select_authenticated,PERMISSIVE,{authenticated},SELECT,,
public,record_drawer_layouts,record_drawer_layouts_delete_by_org_role,PERMISSIVE,{authenticated},DELETE,,
public,record_drawer_layouts,record_drawer_layouts_insert_by_org_role,PERMISSIVE,{authenticated},INSERT,,
public,record_drawer_layouts,record_drawer_layouts_select_by_org_role,PERMISSIVE,{authenticated},SELECT,,
public,record_drawer_layouts,record_drawer_layouts_update_by_org_role,PERMISSIVE,{authenticated},UPDATE,,
public,record_drawer_layouts,service role full access record_drawer_layouts,PERMISSIVE,{service_role},ALL,,
public,record_layouts,record_layouts_all_service_role,PERMISSIVE,{service_role},ALL,,
public,record_layouts,record_layouts_select_authenticated,PERMISSIVE,{authenticated},SELECT,,
public,record_overview_layouts,record_overview_layouts_delete_by_org_role,PERMISSIVE,{authenticated},DELETE,,
public,record_overview_layouts,record_overview_layouts_insert_by_org_role,PERMISSIVE,{authenticated},INSERT,,
public,record_overview_layouts,record_overview_layouts_select_by_org_role,PERMISSIVE,{authenticated},SELECT,,
public,record_overview_layouts,record_overview_layouts_update_by_org_role,PERMISSIVE,{authenticated},UPDATE,,
public,record_overview_layouts,service role full access record_overview_layouts,PERMISSIVE,{service_role},ALL,,
public,recurrence_plans,admin_ops_full_access,PERMISSIVE,{public},ALL,,
public,role_definitions,role_definitions_modify_admin_ops,PERMISSIVE,{public},ALL,,
public,role_definitions,role_definitions_select_org_members,PERMISSIVE,{public},SELECT,,
public,role_definitions,role_definitions_service_role_all,PERMISSIVE,{public},ALL,,
public,role_permission_grants,role_permission_grants_modify_admin_ops,PERMISSIVE,{authenticated},ALL,,
public,role_permission_grants,role_permission_grants_select_org_members,PERMISSIVE,{authenticated},SELECT,,
public,role_permission_grants,role_permission_grants_service_role_all,PERMISSIVE,{public},ALL,,
public,schedule_assignments,schedule_assignments_mutate_crm,PERMISSIVE,{authenticated},ALL,,
public,schedule_assignments,schedule_assignments_select_org,PERMISSIVE,{authenticated},SELECT,,
public,schedule_assignments,schedule_assignments_service_all,PERMISSIVE,{authenticated},ALL,,
public,schedule_patterns,schedule_patterns_all_service_role,PERMISSIVE,{service_role},ALL,,
public,schedule_patterns,schedule_patterns_delete_org,PERMISSIVE,{authenticated},DELETE,,
public,schedule_patterns,schedule_patterns_insert_org,PERMISSIVE,{authenticated},INSERT,,
public,schedule_patterns,schedule_patterns_select_org,PERMISSIVE,{authenticated},SELECT,,
public,schedule_patterns,schedule_patterns_update_org,PERMISSIVE,{authenticated},UPDATE,,
public,schedule_statuses,admin_ops_full_access,PERMISSIVE,{public},ALL,,
public,schedule_tags,admin_ops_full_access,PERMISSIVE,{public},ALL,,
public,schedules,admin_ops_full_access,PERMISSIVE,{public},ALL,,
public,service_offerings,service_offerings_delete_org,PERMISSIVE,{authenticated},DELETE,,
public,service_offerings,service_offerings_insert_org,PERMISSIVE,{authenticated},INSERT,,
public,service_offerings,service_offerings_select_org,PERMISSIVE,{authenticated},SELECT,,
public,service_offerings,service_offerings_update_org,PERMISSIVE,{authenticated},UPDATE,,
public,service_plan_templates,service_plan_templates_delete_org,PERMISSIVE,{authenticated},DELETE,,
public,service_plan_templates,service_plan_templates_insert_org,PERMISSIVE,{authenticated},INSERT,,
public,service_plan_templates,service_plan_templates_select_org,PERMISSIVE,{authenticated},SELECT,,
public,service_plan_templates,service_plan_templates_update_org,PERMISSIVE,{authenticated},UPDATE,,
public,service_price_dimensions,service_price_dimensions_delete_org,PERMISSIVE,{authenticated},DELETE,,
public,service_price_dimensions,service_price_dimensions_insert_org,PERMISSIVE,{authenticated},INSERT,,
public,service_price_dimensions,service_price_dimensions_select_org,PERMISSIVE,{authenticated},SELECT,,
public,service_price_dimensions,service_price_dimensions_update_org,PERMISSIVE,{authenticated},UPDATE,,
public,service_pricing_rules,service_pricing_rules_delete_org,PERMISSIVE,{authenticated},DELETE,,
public,service_pricing_rules,service_pricing_rules_insert_org,PERMISSIVE,{authenticated},INSERT,,
public,service_pricing_rules,service_pricing_rules_select_org,PERMISSIVE,{authenticated},SELECT,,
public,service_pricing_rules,service_pricing_rules_update_org,PERMISSIVE,{authenticated},UPDATE,,
public,sla_events,sla_events_select_org,PERMISSIVE,{authenticated},SELECT,,
public,sla_events,sla_events_service_all,PERMISSIVE,{authenticated},ALL,,
public,sqft_bands,admin_ops_full_access,PERMISSIVE,{public},ALL,,
public,status_definitions,status_definitions_modify_admin_only,PERMISSIVE,{authenticated},ALL,,
public,status_definitions,status_definitions_select_org_members,PERMISSIVE,{authenticated},SELECT,,
public,status_definitions,status_definitions_service_role_all,PERMISSIVE,{public},ALL,,
public,status_transition_rules,status_transition_rules_all_service_role,PERMISSIVE,{service_role},ALL,,
public,status_transition_rules,status_transition_rules_select_authenticated,PERMISSIVE,{authenticated},SELECT,,
public,tags,admin_ops_full_access,PERMISSIVE,{public},ALL,,
public,task_assist_proposals,task_assist_proposals_insert_crm,PERMISSIVE,{authenticated},INSERT,,
public,task_assist_proposals,task_assist_proposals_select_org,PERMISSIVE,{authenticated},SELECT,,
public,task_assist_proposals,task_assist_proposals_service_all,PERMISSIVE,{authenticated},ALL,,
public,task_assist_proposals,task_assist_proposals_update_crm,PERMISSIVE,{authenticated},UPDATE,,
public,tour_availability_rules,tour_availability_rules_all_service_role,PERMISSIVE,{service_role},ALL,,
public,tour_availability_rules,tour_availability_rules_delete_by_org_role,PERMISSIVE,{authenticated},DELETE,,
public,tour_availability_rules,tour_availability_rules_insert_by_org_role,PERMISSIVE,{authenticated},INSERT,,
public,tour_availability_rules,tour_availability_rules_select_by_org_role,PERMISSIVE,{authenticated},SELECT,,
public,tour_availability_rules,tour_availability_rules_update_by_org_role,PERMISSIVE,{authenticated},UPDATE,,
public,tour_bookings,tour_bookings_all_service_role,PERMISSIVE,{service_role},ALL,,
public,tour_bookings,tour_bookings_delete_by_org_role,PERMISSIVE,{authenticated},DELETE,,
public,tour_bookings,tour_bookings_insert_by_org_role,PERMISSIVE,{authenticated},INSERT,,
public,tour_bookings,tour_bookings_select_by_org_role,PERMISSIVE,{authenticated},SELECT,,
public,tour_bookings,tour_bookings_update_by_org_role,PERMISSIVE,{authenticated},UPDATE,,
public,tour_public_booking_links,tour_public_booking_links_all_service_role,PERMISSIVE,{service_role},ALL,,
public,tour_public_booking_links,tour_public_booking_links_delete_by_org_role,PERMISSIVE,{authenticated},DELETE,,
public,tour_public_booking_links,tour_public_booking_links_insert_by_org_role,PERMISSIVE,{authenticated},INSERT,,
public,tour_public_booking_links,tour_public_booking_links_select_by_org_role,PERMISSIVE,{authenticated},SELECT,,
public,tour_public_booking_links,tour_public_booking_links_update_by_org_role,PERMISSIVE,{authenticated},UPDATE,,
public,user_access_profiles,user_access_profiles_all_service_role,PERMISSIVE,{service_role},ALL,,
public,user_department_access,user_department_access_all_service_role,PERMISSIVE,{service_role},ALL,,
public,user_profiles,profiles_insert_none,PERMISSIVE,{authenticated},INSERT,,
public,user_profiles,profiles_select_own,PERMISSIVE,{authenticated},SELECT,,
public,user_profiles,profiles_update_none,PERMISSIVE,{authenticated},UPDATE,,
public,user_roles,user_roles_select_org_admin,PERMISSIVE,{authenticated},SELECT,,
public,user_roles,user_roles_write_org_owner,PERMISSIVE,{authenticated},ALL,,
public,user_site_access,user_site_access_all_service_role,PERMISSIVE,{service_role},ALL,,
public,vendor_statuses,vendor_statuses_select_authenticated,PERMISSIVE,{authenticated},SELECT,,
public,vendor_tags,admin_ops_full_access,PERMISSIVE,{public},ALL,,
public,vendor_users,admin_ops_full_access,PERMISSIVE,{public},ALL,,
public,vendor_verticals,vendor_verticals_select_org_admin,PERMISSIVE,{authenticated},SELECT,,
public,vendor_verticals,vendor_verticals_write_org_admin,PERMISSIVE,{authenticated},ALL,,
public,vendors,admin_ops_full_access,PERMISSIVE,{public},ALL,,
public,vendors,vendors_delete_org_admin,PERMISSIVE,{authenticated},DELETE,,
public,vendors,vendors_select_org_admin,PERMISSIVE,{authenticated},SELECT,,
public,vendors,vendors_update_org_admin,PERMISSIVE,{authenticated},UPDATE,,
public,vendors,vendors_write_org_admin,PERMISSIVE,{authenticated},INSERT,,
public,verticals,admin_ops_full_access,PERMISSIVE,{public},ALL,,
public,work_units,service role full access work_units,PERMISSIVE,{service_role},ALL,,
public,work_units,work_units_delete_same_org,PERMISSIVE,{authenticated},DELETE,,
public,work_units,work_units_insert_same_org,PERMISSIVE,{authenticated},INSERT,,
public,work_units,work_units_select_same_org,PERMISSIVE,{authenticated},SELECT,,
public,work_units,work_units_update_same_org,PERMISSIVE,{authenticated},UPDATE,,
public,workflow_action_runs,workflow_action_runs_delete_service_role,PERMISSIVE,{authenticated},DELETE,,
public,workflow_action_runs,workflow_action_runs_insert_service_role,PERMISSIVE,{authenticated},INSERT,,
public,workflow_action_runs,workflow_action_runs_select_org_members,PERMISSIVE,{authenticated},SELECT,,
public,workflow_action_runs,workflow_action_runs_update_service_role,PERMISSIVE,{authenticated},UPDATE,,
public,workflow_actions,admin_full_access_workflow_actions,PERMISSIVE,{public},ALL,,
public,workflow_conditions,admin_full_access_workflow_conditions,PERMISSIVE,{public},ALL,,
public,workflow_events,workflow_events_select,PERMISSIVE,{authenticated},SELECT,,
public,workflow_events,workflow_events_select_org,PERMISSIVE,{authenticated},SELECT,,
public,workflow_runs,workflow_runs_modify,PERMISSIVE,{authenticated},ALL,,
public,workflow_runs,workflow_runs_select,PERMISSIVE,{authenticated},SELECT,,
public,workflows,admin_full_access_workflows,PERMISSIVE,{public},ALL,,
public,workspace_kpi_placement,workspace_kpi_placement_all_service_role,PERMISSIVE,{service_role},ALL,,
public,workspace_kpi_placement,workspace_kpi_placement_select_authenticated,PERMISSIVE,{authenticated},SELECT,,
